{"a": 1e-07, "b": -3e-06, "vreset": -0.055, "wreset": 1.5000000000000002e-08, "eps": 1, "Iint": 9.100000000000001e-08, "C": 2e-09, "v_sp": -0.005, "d_z": 4e-08, "el": -0.061, "vth": -0.045, "g_sd": 3e-06, "g_ds": 6e-06, "ad": 2e-06, "DeltaV": 0.001, "vthd": -0.04, "vths": -0.0425, "vd_sp": -0.035, "Cd": 2e-09, "wdreset": 1.5000000000000002e-08, "wiggle_vd": 0.003, "DeltaCaV": 0.0051600000000000005, "max_alpha": 0.09, "Kcf": 1e-09, "max_vCas": 7.999999999999999e-05, "Kpf": 5e-10, "max_vCad": 1.5e-06, "Ca_half": 5.0000000000000004e-08, "tauw": 0.001, "tauCa": 0.1, "tauR": 0.075, "zmax": 7.500000000000001e-08, "chi": 0, "c": 100.0, "l": 100000000.0, "m": 200000000.0, "g1": 7e-06, "g2": 7e-06, "g3": 7e-06, "eps_z0": 10, "Deltaeps_z": 8, "dres_coeff": 2, "dsp_coeff": 0.5, "dsp_coeff2": 0.1, "slp": 499999.99999999994, "n": 200000000.0, "gl": 1e-07, "asd": 1e-07, "vsd3reset": -0.055, "vsd2reset": -0.05, "wsdreset": 1.5000000000000002e-08, "vsd_sp": -0.02, "Csd": 5e-09, "g0": 1e-06, "DeltaVsd": 0.005, "vth3": -0.0425, "vth2": -0.0425, "sdsf3": 3.15e-06, "sdsf2": 2.37e-06, "sdsf0": 5, "gamma1": 25, "gamma2": 25, "gamma3": 25, "p": 2, "w00": 4e-09, "tau_s2": 0.15, "tau_s3": 0.075, "eta_z":10}